{
  "id": "5e-2024-compendium",
  "title": "5e 2024 Compendium",
  "version": "0.5.2",
  "compatibility": {
    "minimum": "12",
    "verified": "12",
    "maximum": "13"
  },
  "packs": [
    {
      "name": "creatures",
      "label": "Существа",
      "path": "packs/creatures",
      "type": "Actor",
      "system": "dnd5e",
      "ownership": {
        "PLAYER": "OBSERVER",
        "ASSISTANT": "OWNER"
      }
    },
    {
      "name": "classes",
      "label": "Классы",
      "path": "packs/classes",
      "type": "Item",
      "system": "dnd5e",
      "ownership": {
        "PLAYER": "OBSERVER",
        "ASSISTANT": "OWNER"
      }
    },
    {
      "name": "species",
      "label": "Виды",
      "path": "packs/species",
      "type": "Item",
      "system": "dnd5e",
      "ownership": {
        "PLAYER": "OBSERVER",
        "ASSISTANT": "OWNER"
      }
    },
    {
      "name": "backgrounds",
      "label": "Происхождения",
      "path": "packs/backgrounds",
      "type": "Item",
      "system": "dnd5e",
      "ownership": {
        "PLAYER": "OBSERVER",
        "ASSISTANT": "OWNER"
      }
    },
    {
      "name": "equipment",
      "label": "Снаряжение",
      "path": "packs/equipment",
      "type": "Item",
      "system": "dnd5e",
      "ownership": {
        "PLAYER": "OBSERVER",
        "ASSISTANT": "OWNER"
      }
    },
    {
      "name": "feats",
      "label": "Черты",
      "path": "packs/feats",
      "type": "Item",
      "system": "dnd5e",
      "ownership": {
        "PLAYER": "OBSERVER",
        "ASSISTANT": "OWNER"
      }
    },
    {
      "name": "roll-tables",
      "label": "Таблицы",
      "path": "packs/roll-tables",
      "type": "RollTable",
      "system": "dnd5e",
      "ownership": {
        "PLAYER": "OBSERVER",
        "ASSISTANT": "OWNER"
      }
    },
    {
      "name": "rules",
      "label": "Правила",
      "path": "packs/rules",
      "type": "JournalEntry",
      "system": "dnd5e",
      "ownership": {
        "PLAYER": "OBSERVER",
        "ASSISTANT": "OWNER"
      }
    },
    {
      "name": "spells",
      "label": "Заклинания",
      "path": "packs/spells",
      "type": "Item",
      "system": "dnd5e",
      "ownership": {
        "PLAYER": "OBSERVER",
        "ASSISTANT": "OWNER"
      }
    }
  ],
  "relationships": {
    "recommends": [
      {
        "id": "midi-qol",
        "type": "module",
        "compatibility": {}
      }
    ]
  },
  "description": "",
  "flags": {}
}